,train_accuracy,test_accuracy,train_f1,test_f1
Logistic Regression,0.996,0.9975657818476875,0.9940040080160322,0.9963501559312016
Random Forest,0.999768115942029,0.9973339515474673,0.9997655495740176,0.9962342274989847
SVM,0.996,0.9975657818476875,0.9940040080160322,0.9963501559312016
K-Nearest Neighbors,0.996,0.9975657818476875,0.9940040080160322,0.9963501559312016
