,train_accuracy,test_accuracy,train_f1,test_f1
Logistic Regression,0.996,0.9975657818476875,0.9940040080160322,0.9963501559312016
Random Forest,0.9961159420289855,0.9971021212472471,0.9942871023813449,0.9961182721520468
SVM,0.996,0.9975657818476875,0.9940040080160322,0.9963501559312016
K-Nearest Neighbors,0.996,0.9975657818476875,0.9940040080160322,0.9963501559312016
