,accuracy,f1_score
Logistic Regression,0.9975657818476875,0.9963501559312016
Random Forest,0.9971021212472471,0.9961182721520468
Support Vector Machine,0.9975657818476875,0.9963501559312016
K-Nearest Neighbors,0.9975657818476875,0.9963501559312016
